fold,seed,config,auroc_TWF,auroc_OSF,wear_r2
0,42,RandomForest,0.898372287145242,0.8021561069621779,0.7617958746338718
0,42,GradientBoosting,0.9545075125208682,0.8615695013249819,0.8241745472592839
0,42,CausalTransformer (final config),0.9365609348914858,0.9331486388821971,0.8643109798431396
0,123,RandomForest,0.6702838063439066,0.750933509997591,0.7602719209806946
0,123,GradientBoosting,0.9549248747913189,0.8615695013249819,0.823111063670714
0,123,CausalTransformer (final config),0.9056761268781301,0.9320645627559625,0.8770578503608704
0,2024,RandomForest,0.8979549248747913,0.8083895446880269,0.7736480658686293
0,2024,GradientBoosting,0.9561769616026711,0.8610274632618646,0.836204172306444
0,2024,CausalTransformer (final config),0.9303005008347245,0.9379065285473379,0.8721734285354614
1,42,RandomForest,0.9429787828029035,0.8732112794612794,0.877939095224559
1,42,GradientBoosting,0.9614740368509213,0.9134750280583614,0.8800397113798011
1,42,CausalTransformer (final config),0.9607761027359017,0.9499158249158249,0.870854914188385
1,123,RandomForest,0.9522613065326634,0.8426276655443322,0.8734025717743327
1,123,GradientBoosting,0.9617532104969291,0.9134750280583614,0.8800396737774051
1,123,CausalTransformer (final config),0.9609156895589056,0.9271184062850729,0.8803369402885437
1,2024,RandomForest,0.9423506420993858,0.8582000561167228,0.864140476855678
1,2024,GradientBoosting,0.9617532104969291,0.9135451739618407,0.8817488421509472
1,2024,CausalTransformer (final config),0.9597989949748744,0.9367283950617284,0.88153076171875
2,42,RandomForest,0.8882607481853715,0.8898684578785334,0.8635518790381813
2,42,GradientBoosting,0.9454913456169738,0.8853437820692229,0.7966300636729912
2,42,CausalTransformer (final config),0.9522613065326634,0.9043754081537456,0.8771452903747559
2,123,RandomForest,0.9669179229480737,0.8396305625524768,0.8599637431025975
2,123,GradientBoosting,0.9454913456169738,0.8850639052150387,0.7975652976559044
2,123,CausalTransformer (final config),0.9551926298157454,0.9078272226886837,0.8698415756225586
2,2024,RandomForest,0.9613344500279173,0.8831980595204776,0.8572111458894786
2,2024,GradientBoosting,0.9464684533780011,0.8848773206455827,0.7928446953554921
2,2024,CausalTransformer (final config),0.9549134561697376,0.906801007556675,0.870173454284668
3,42,RandomForest,0.9713207999042031,0.9087482419127989,0.8458165247010712
3,42,GradientBoosting,0.9556340558017004,0.9036005625879043,0.8535777401840178
3,42,CausalTransformer (final config),0.9655131122021314,0.9277074542897328,0.8691677451133728
3,123,RandomForest,0.9740150880134115,0.9057383966244725,0.8483585620646276
3,123,GradientBoosting,0.95766974015088,0.9024753867791842,0.8466912103704591
3,123,CausalTransformer (final config),0.9756915339480302,0.9238255977496483,0.8825594186782837
3,2024,RandomForest,0.9701832115914262,0.8783122362869198,0.8531474604965417
3,2024,GradientBoosting,0.9556340558017004,0.9029817158931083,0.8366326636966336
3,2024,CausalTransformer (final config),0.9683870195186205,0.9127426160337553,0.8639359474182129
4,42,RandomForest,0.9727107761027359,0.8680254034087227,0.8516839686875436
4,42,GradientBoosting,0.9500279173646008,0.8958265828526991,0.8114258215915735
4,42,CausalTransformer (final config),0.9674762702400893,0.932603201347936,0.8702908754348755
4,123,RandomForest,0.8788386376326075,0.8763203940120537,0.8519452160463993
4,123,GradientBoosting,0.9503070910106086,0.8989372043289482,0.8187038597337368
4,123,CausalTransformer (final config),0.964824120603015,0.9381115935454605,0.8725119829177856
4,2024,RandomForest,0.806462869905081,0.8711036225779277,0.8493150288781177
4,2024,GradientBoosting,0.9501675041876047,0.8993908366275679,0.817964764532398
4,2024,CausalTransformer (final config),0.9662199888330542,0.9352601905255655,0.8609652519226074
5,42,RandomForest,0.9610041841004184,0.9658577405857741,0.8942491979077949
5,42,GradientBoosting,0.9615062761506277,0.9630125523012552,0.8934406934677217
5,42,CausalTransformer (final config),0.9765690376569037,0.9467782426778242,0.8800826072692871
5,123,RandomForest,0.8668619246861925,0.9670292887029289,0.8915814152338344
5,123,GradientBoosting,0.9615062761506277,0.9630125523012552,0.893312860550507
5,123,CausalTransformer (final config),0.967866108786611,0.9471129707112971,0.8790598511695862
5,2024,RandomForest,0.9668619246861925,0.9627615062761506,0.8942011109597146
5,2024,GradientBoosting,0.9615062761506277,0.9630125523012552,0.8919893779278489
5,2024,CausalTransformer (final config),0.9660251046025105,0.9528033472803348,0.8636629581451416
6,42,RandomForest,0.8825290384385105,0.9176160256900374,0.8777826139907233
6,42,GradientBoosting,0.9574901209435995,0.9126079975533298,0.8859836055628321
6,42,CausalTransformer (final config),0.9738953418752245,0.9376863674592859,0.8821171522140503
6,123,RandomForest,0.9650341276493833,0.8535820781405306,0.8753226099742656
6,123,GradientBoosting,0.9561729134235422,0.9130667482223411,0.8837642622890819
6,123,CausalTransformer (final config),0.9625194587474554,0.9344751127762061,0.8645074367523193
6,2024,RandomForest,0.8889953299006108,0.9056885082957413,0.8778081718974104
6,2024,GradientBoosting,0.9561729134235422,0.912990289777506,0.8851466152375748
6,2024,CausalTransformer (final config),0.9762902646389654,0.9305757320896093,0.8745414018630981
7,42,RandomForest,0.8551464435146444,0.892287795608108,0.8757274484791746
7,42,GradientBoosting,0.9521338912133891,0.8501372466216217,0.857621211359697
7,42,CausalTransformer (final config),0.9544769874476987,0.9378167229729729,0.8622682690620422
7,123,RandomForest,0.9574058577405857,0.8671347128378378,0.8721652917571464
7,123,GradientBoosting,0.9512970711297071,0.8502428209459459,0.8561471103525993
7,123,CausalTransformer (final config),0.9519665271966526,0.9387141047297297,0.8671519756317139
7,2024,RandomForest,0.854560669456067,0.8664748733108109,0.8736794966704905
7,2024,GradientBoosting,0.9517991631799163,0.8501900337837838,0.8577267198290317
7,2024,CausalTransformer (final config),0.9529707112970711,0.9389780405405406,0.8627681136131287
